,tag,open,high,low,close,num_ticks,bbands_upper,bbands_middle,bbands_lower,bb_out,bb_out_up,bb_out_down,sl_kurs,vp_kurs,signal,target_direction,trade_nr
0,2014-10-30 16:52:00,9005.8,9008.5,9002.5,9008.5,56,,,,False,False,False,0.0,0.0,,,0
1,2014-10-30 16:51:00,9000.0,9006.3,9000.0,9006.0,61,,,,False,False,False,0.0,0.0,,,0
2,2014-10-30 16:53:00,9008.0,9012.0,9005.5,9010.3,61,,,,False,False,False,0.0,0.0,,,0
3,2014-10-30 16:50:00,8998.0,9003.8,8998.0,9000.8,58,,,,False,False,False,0.0,0.0,,,0
4,2014-10-30 16:54:00,9010.5,9011.5,9007.0,9010.8,47,,,,False,False,False,0.0,0.0,,,0
5,2014-10-30 16:55:00,9011.0,9012.8,9008.0,9012.3,39,,,,False,False,False,0.0,0.0,,,0
6,2014-10-30 16:56:00,9011.8,9023.0,9011.8,9022.3,63,,,,False,False,False,0.0,0.0,,,0
7,2014-10-30 16:57:00,9022.0,9031.3,9022.0,9031.3,78,,,,False,False,False,0.0,0.0,,,0
8,2014-10-30 16:58:00,9030.8,9031.0,9026.8,9028.3,62,,,,False,False,False,0.0,0.0,,,0
9,2014-10-30 16:59:00,9028.8,9042.8,9028.0,9042.3,77,,,,False,False,False,0.0,0.0,,,0
10,2014-10-30 17:00:00,9040.3,9052.0,9040.3,9050.3,92,,,,False,False,False,0.0,0.0,,,0
11,2014-10-30 17:01:00,9049.3,9053.0,9045.5,9051.8,73,,,,False,False,False,0.0,0.0,,,0
12,2014-10-30 17:02:00,9050.3,9052.8,9046.8,9047.5,66,,,,False,False,False,0.0,0.0,,,0
13,2014-10-30 17:03:00,9047.0,9048.0,9041.8,9041.8,71,,,,False,False,False,0.0,0.0,,,0
14,2014-10-30 17:04:00,9041.5,9043.0,9039.5,9041.5,71,,,,False,False,False,0.0,0.0,,,0
15,2014-10-30 17:05:00,9042.0,9042.5,9034.3,9034.5,61,,,,False,False,False,0.0,0.0,,,0
16,2014-10-30 17:06:00,9035.0,9040.8,9034.3,9040.8,54,,,,False,False,False,0.0,0.0,,,0
17,2014-10-30 17:07:00,9041.8,9045.0,9038.3,9038.8,39,,,,False,False,False,0.0,0.0,,,0
18,2014-10-30 17:08:00,9039.0,9043.3,9038.5,9042.8,42,,,,False,False,False,0.0,0.0,,,0
19,2014-10-30 17:09:00,9043.3,9054.0,9043.3,9054.0,59,9064.245673444551,9030.835,8997.424326555447,False,False,False,0.0,0.0,,,0
20,2014-10-30 17:10:00,9056.8,9067.5,9054.0,9066.5,84,9068.9097224588,9033.734999999999,8998.560277541197,False,False,False,0.0,0.0,,,0
21,2014-10-30 17:11:00,9065.3,9066.8,9062.0,9062.8,74,9071.50503721751,9036.574999999999,9001.644962782488,False,False,False,0.0,0.0,,,0
22,2014-10-30 17:12:00,9062.5,9065.5,9061.8,9065.3,49,9074.207767952166,9039.324999999999,9004.442232047832,False,False,False,0.0,0.0,,,0
23,2014-10-30 17:13:00,9065.0,9072.0,9065.0,9068.8,66,9075.089911556675,9042.724999999999,9010.360088443322,False,False,False,0.0,0.0,,,0
24,2014-10-30 17:14:00,9068.5,9072.5,9068.0,9071.8,63,9077.008115440378,9045.774999999998,9014.541884559618,False,False,False,0.0,0.0,,,0
25,2014-10-30 17:15:00,9071.5,9080.0,9071.5,9076.8,84,9079.038308876017,9048.999999999998,9018.96169112398,True,True,False,0.0,0.0,,,0
26,2014-10-30 17:16:00,9076.5,9079.0,9071.0,9071.8,65,9080.443733146603,9051.474999999999,9022.506266853394,False,False,False,0.0,0.0,prepare trade,,1
27,2014-10-30 17:17:00,9071.3,9073.5,9069.5,9072.8,52,9082.385915105826,9053.55,9024.714084894173,False,False,False,9098.694119350535,9043.905880649463,start trade,down,0
28,2014-10-30 17:18:00,9072.0,9073.3,9069.5,9073.3,40,9083.400000000905,9055.8,9028.199999999093,False,False,False,0.0,0.0,,,0
29,2014-10-30 17:19:00,9073.5,9073.5,9065.8,9068.0,57,9084.44323641989,9057.085,9029.726763580109,False,False,False,0.0,0.0,,,0
30,2014-10-30 17:20:00,9068.3,9072.5,9066.5,9066.5,45,9085.360795091136,9057.895,9030.429204908865,False,False,False,0.0,0.0,,,0
31,2014-10-30 17:21:00,9067.0,9069.0,9057.8,9058.0,58,9085.528211744075,9058.205,9030.881788255925,False,False,False,0.0,0.0,,,0
32,2014-10-30 17:22:00,9057.5,9059.5,9055.0,9059.5,55,9085.684990699821,9058.805,9031.92500930018,False,False,False,0.0,0.0,,,0
33,2014-10-30 17:23:00,9059.0,9063.5,9057.0,9062.5,46,9085.591613542085,9059.84,9034.088386457915,False,False,False,0.0,0.0,,,0
34,2014-10-30 17:24:00,9062.8,9063.0,9058.5,9061.3,39,9085.168866037719,9060.83,9036.491133962281,False,False,False,0.0,0.0,,,0
35,2014-10-30 17:25:00,9061.5,9063.0,9058.8,9059.5,34,9083.242003685617,9062.08,9040.917996314383,False,False,False,0.0,0.0,,,0
36,2014-10-30 17:26:00,9058.8,9063.8,9057.3,9060.5,40,9081.8767277234,9063.065,9044.253272276601,False,False,False,0.0,0.0,,,0
37,2014-10-30 17:27:00,9061.0,9066.5,9061.0,9064.3,46,9079.50329779409,9064.34,9049.17670220591,False,False,False,0.0,0.0,,,0
38,2014-10-30 17:28:00,9064.0,9067.0,9063.0,9066.0,36,9077.002173702946,9065.500000000002,9053.997826297058,False,False,False,0.0,0.0,,,0
39,2014-10-30 17:29:00,9066.3,9066.3,9061.5,9063.0,40,9076.259704161725,9065.95,9055.640295838277,False,False,False,0.0,0.0,,,0
40,2014-10-30 17:30:00,9064.0,9067.0,9062.0,9062.0,47,9076.172368082889,9065.725000000002,9055.277631917115,False,False,False,0.0,0.0,,,0
41,2014-10-30 17:31:00,9061.5,9065.0,9060.0,9063.8,47,9076.175360568726,9065.775000000001,9055.374639431277,False,False,False,0.0,0.0,,,0
42,2014-10-30 17:32:00,9063.5,9064.3,9059.5,9060.8,45,9076.174029364849,9065.550000000001,9054.925970635153,False,False,False,0.0,0.0,,,0
43,2014-10-30 17:33:00,9061.0,9065.0,9059.5,9065.0,39,9075.880152082516,9065.360000000002,9054.839847917488,False,False,False,0.0,0.0,,,0
44,2014-10-30 17:34:00,9066.3,9073.0,9065.3,9072.5,47,9076.004896314173,9065.395000000002,9054.785103685832,False,False,False,0.0,0.0,,,0
45,2014-10-30 17:35:00,9073.0,9080.8,9072.5,9080.8,58,9077.1646974777,9065.595000000003,9054.025302522306,True,True,False,0.0,0.0,,,0
46,2014-10-30 17:36:00,9081.0,9087.3,9078.3,9086.8,72,9080.968197316066,9066.345000000003,9051.72180268394,True,True,False,0.0,0.0,,,0
47,2014-10-30 17:37:00,9087.0,9091.3,9082.8,9083.5,76,9083.104006896054,9066.880000000003,9050.655993103952,True,True,False,0.0,0.0,,,0
48,2014-10-30 17:38:00,9084.0,9084.0,9080.3,9080.5,46,9084.315057824893,9067.240000000003,9050.164942175114,False,False,False,0.0,0.0,prepare trade,,2
49,2014-10-30 17:39:00,9080.0,9082.5,9078.5,9078.5,54,9085.532867056723,9067.765000000003,9049.997132943283,False,False,False,9096.879473703884,9063.120526296116,start trade,down,0
50,2014-10-30 17:40:00,9079.0,9080.0,9077.5,9079.0,44,9086.80357107563,9068.390000000003,9049.976428924376,False,False,False,0.0,0.0,,,0
51,2014-10-30 17:41:00,9078.0,9086.5,9077.8,9086.5,45,9089.178395872199,9069.815000000004,9050.45160412781,False,False,False,0.0,0.0,,,0
52,2014-10-30 17:42:00,9087.0,9088.3,9083.5,9084.0,45,9090.73521768465,9071.040000000005,9051.344782315358,False,False,False,0.0,0.0,,,0
53,2014-10-30 17:43:00,9084.8,9089.0,9084.8,9087.5,33,9092.81441472028,9072.290000000005,9051.765585279729,False,False,False,0.0,0.0,,,0
54,2014-10-30 17:44:00,9087.8,9092.0,9087.8,9090.5,42,9095.078150406152,9073.750000000004,9052.421849593855,False,False,False,0.0,0.0,,,0
55,2014-10-30 17:45:00,9090.8,9096.5,9089.5,9095.5,66,9097.819485841612,9075.550000000005,9053.280514158398,False,False,False,0.0,0.0,,,0
56,2014-10-30 17:46:00,9095.8,9108.0,9095.8,9103.0,84,9101.825931651303,9077.675000000005,9053.524068348706,True,True,False,0.0,0.0,,,0
57,2014-10-30 17:47:00,9103.3,9106.0,9101.8,9101.8,58,9105.04176336831,9079.550000000005,9054.0582366317,True,True,False,0.0,0.0,,,0
58,2014-10-30 17:48:00,9102.0,9102.0,9099.0,9099.3,44,9107.292444271077,9081.215000000004,9055.13755572893,False,False,False,0.0,0.0,prepare trade,,3
59,2014-10-30 17:49:00,9099.0,9102.0,9096.5,9097.0,55,9108.448293944577,9082.915000000005,9057.381706055432,False,False,False,9123.256629247344,9074.743370752656,start trade,down,0
60,2014-10-30 17:50:00,9097.3,9097.8,9093.0,9094.5,55,9108.638580864425,9084.540000000005,9060.441419135585,False,False,False,0.0,0.0,,,0
61,2014-10-30 17:51:00,9094.8,9099.5,9093.3,9099.5,44,9109.27554464723,9086.325000000004,9063.37445535278,False,False,False,0.0,0.0,,,0
62,2014-10-30 17:52:00,9100.0,9100.0,9095.0,9095.5,37,9108.09041685964,9088.060000000005,9068.02958314037,False,False,False,0.0,0.0,,,0
63,2014-10-30 17:53:00,9095.0,9096.0,9089.0,9091.5,55,9106.420524633288,9089.385000000006,9072.349475366724,False,False,False,0.0,0.0,,,0
64,2014-10-30 17:54:00,9092.0,9097.0,9089.8,9095.8,56,9105.911966006746,9090.550000000005,9075.188033993263,False,False,False,0.0,0.0,,,0
65,2014-10-30 17:55:00,9096.0,9099.0,9095.8,9097.5,41,9106.346587466476,9091.385000000006,9076.423412533535,False,False,False,0.0,0.0,,,0
66,2014-10-30 17:56:00,9097.0,9102.5,9095.8,9102.0,42,9107.63273383849,9092.145000000006,9076.657266161521,False,False,False,0.0,0.0,,,0
67,2014-10-30 17:57:00,9101.8,9104.5,9099.8,9100.5,51,9108.357092938946,9092.995000000006,9077.632907061066,False,False,False,0.0,0.0,,,0
68,2014-10-30 17:58:00,9099.5,9108.5,9098.3,9106.5,64,9109.607932426814,9094.295000000006,9078.982067573197,False,False,False,0.0,0.0,,,0
69,2014-10-30 17:59:00,9106.0,9118.0,9105.8,9117.0,67,9112.738789289608,9096.220000000005,9079.701210710402,True,True,False,0.0,0.0,,,0
70,2014-10-30 18:00:00,9116.8,9121.5,9115.0,9117.0,71,9115.016342783927,9098.120000000006,9081.223657216085,True,True,False,0.0,0.0,,,0
71,2014-10-30 18:01:00,9116.0,9117.0,9113.3,9114.0,50,9116.854547790168,9099.495000000006,9082.135452209845,True,True,False,0.0,0.0,,,0
72,2014-10-30 18:02:00,9113.8,9116.8,9113.3,9114.0,50,9117.918767295774,9100.995000000006,9084.071232704238,False,False,False,0.0,0.0,prepare trade,,4
73,2014-10-30 18:03:00,9114.5,9115.5,9111.3,9114.0,33,9118.95713916392,9102.320000000005,9085.68286083609,False,False,False,9130.30528220572,9098.69471779428,start trade,down,0
74,2014-10-30 18:04:00,9113.5,9113.5,9108.0,9108.0,44,9119.077125158496,9103.195000000005,9087.312874841515,False,False,False,0.0,0.0,,,0
75,2014-10-30 18:05:00,9107.8,9110.5,9106.5,9109.0,66,9119.532579591347,9103.870000000006,9088.207420408666,False,False,False,0.0,0.0,,,0
76,2014-10-30 18:06:00,9108.5,9108.5,9105.8,9107.0,37,9119.785101002435,9104.070000000005,9088.354898997575,False,False,False,0.0,0.0,,,0
77,2014-10-30 18:07:00,9106.5,9107.5,9105.3,9106.5,42,9120.017857776375,9104.305000000006,9088.592142223637,False,False,False,0.0,0.0,,,0
78,2014-10-30 18:08:00,9106.8,9109.0,9103.0,9104.3,40,9120.099577817042,9104.555000000006,9089.01042218297,False,False,False,0.0,0.0,,,0
79,2014-10-30 18:09:00,9104.5,9111.3,9103.0,9110.5,40,9120.57484928102,9105.230000000007,9089.885150718994,False,False,False,0.0,0.0,,,0
80,2014-10-30 18:10:00,9110.8,9114.0,9109.8,9114.0,53,9121.172227515923,9106.205000000005,9091.237772484088,False,False,False,0.0,0.0,,,0
81,2014-10-30 18:11:00,9113.5,9114.0,9110.5,9111.3,54,9121.587765108037,9106.795000000006,9092.002234891974,False,False,False,0.0,0.0,,,0
82,2014-10-30 18:12:00,9111.8,9112.0,9106.5,9107.0,52,9121.226276536732,9107.370000000006,9093.51372346328,False,False,False,0.0,0.0,,,0
83,2014-10-30 18:13:00,9106.5,9107.8,9105.0,9107.3,46,9119.955321088099,9108.160000000005,9096.364678911912,False,False,False,0.0,0.0,,,0
84,2014-10-30 18:14:00,9107.5,9108.5,9104.5,9104.8,46,9119.09921348933,9108.610000000004,9098.120786510679,False,False,False,0.0,0.0,,,0
85,2014-10-30 18:15:00,9104.5,9107.3,9103.5,9103.5,62,9118.407346975033,9108.910000000005,9099.412653024978,False,False,False,0.0,0.0,,,0
86,2014-10-30 18:16:00,9104.0,9104.0,9095.8,9096.0,43,9119.269437116873,9108.610000000004,9097.950562883136,True,False,True,0.0,0.0,,,0
87,2014-10-30 18:17:00,9095.5,9095.5,9088.3,9093.3,87,9120.367342930089,9108.250000000004,9096.132657069918,True,False,True,0.0,0.0,,,0
88,2014-10-30 18:18:00,9092.5,9097.3,9092.0,9094.0,50,9121.236300440642,9107.625000000004,9094.013699559366,True,False,True,0.0,0.0,,,0
89,2014-10-30 18:19:00,9093.8,9096.5,9092.8,9094.3,46,9120.562938558573,9106.490000000003,9092.417061441434,False,False,False,0.0,0.0,prepare trade,,5
90,2014-10-30 18:20:00,9094.5,9099.5,9094.5,9099.3,41,9119.13873192013,9105.605000000003,9092.071268079877,False,False,False,9081.64295467588,9107.35704532412,start trade,up,0
91,2014-10-30 18:21:00,9099.0,9104.5,9098.5,9103.0,52,9118.063224308957,9105.055000000004,9092.046775691051,False,False,False,0.0,0.0,,,0
92,2014-10-30 18:22:00,9102.8,9105.5,9102.8,9104.5,49,9116.923840555273,9104.580000000004,9092.236159444734,False,False,False,0.0,0.0,,,0
93,2014-10-30 18:23:00,9105.3,9106.8,9103.8,9105.0,48,9115.699286914016,9104.130000000003,9092.56071308599,False,False,False,0.0,0.0,,,0
94,2014-10-30 18:24:00,9105.5,9106.5,9102.3,9104.5,36,9115.389942048041,9103.955000000004,9092.520057951966,False,False,False,0.0,0.0,,,0
95,2014-10-30 18:25:00,9104.3,9107.3,9103.3,9107.0,50,9115.145788266493,9103.855000000003,9092.564211733514,False,False,False,0.0,0.0,,,0
96,2014-10-30 18:26:00,9107.3,9111.5,9106.5,9107.3,68,9115.178244768997,9103.870000000003,9092.561755231009,False,False,False,0.0,0.0,,,0
97,2014-10-30 18:27:00,9107.5,9107.8,9101.8,9102.3,47,9114.92097685626,9103.660000000002,9092.399023143744,False,False,False,0.0,0.0,,,0
98,2014-10-30 18:28:00,9102.0,9106.3,9102.0,9104.0,49,9114.903325796718,9103.645000000002,9092.386674203286,False,False,False,0.0,0.0,,,0
99,2014-10-30 18:29:00,9103.8,9106.8,9103.0,9105.5,52,9114.248105535582,9103.395000000002,9092.541894464423,False,False,False,0.0,0.0,,,0
100,2014-10-30 18:30:00,9106.3,9110.5,9105.3,9107.3,71,9112.954321591536,9103.060000000001,9093.165678408466,False,False,False,0.0,0.0,,,0
101,2014-10-30 18:31:00,9107.8,9110.0,9107.5,9109.3,31,9112.555082056972,9102.960000000003,9093.364917943034,False,False,False,0.0,0.0,,,0
102,2014-10-30 18:32:00,9109.0,9111.0,9107.8,9108.3,58,9112.745468084075,9103.025000000001,9093.304531915928,False,False,False,0.0,0.0,,,0
103,2014-10-30 18:33:00,9108.0,9110.8,9106.0,9110.3,50,9113.24115615848,9103.175000000001,9093.108843841523,False,False,False,0.0,0.0,,,0
104,2014-10-30 18:34:00,9110.5,9113.5,9109.3,9113.3,66,9114.58089248399,9103.600000000002,9092.619107516015,False,False,False,0.0,0.0,,,0
105,2014-10-30 18:35:00,9112.8,9116.0,9112.0,9112.0,67,9115.599433019937,9104.025000000001,9092.450566980066,True,True,False,0.0,0.0,,,0
106,2014-10-30 18:36:00,9113.5,9115.8,9112.5,9113.8,49,9116.620942927508,9104.915,9093.209057072494,False,False,False,0.0,0.0,prepare trade,,6
107,2014-10-30 18:37:00,9112.8,9114.3,9109.5,9113.8,37,9116.968762393713,9105.94,9094.911237606288,False,False,False,9123.277324274026,9102.322675725973,start trade,down,0
108,2014-10-30 18:38:00,9114.3,9114.8,9112.8,9114.8,34,9117.202250239785,9106.98,9096.757749760214,False,False,False,0.0,0.0,,,0
109,2014-10-30 18:39:00,9113.3,9114.3,9111.0,9111.8,30,9116.452784596879,9107.855,9099.25721540312,False,False,False,0.0,0.0,,,0
110,2014-10-30 18:40:00,9112.0,9114.3,9110.8,9112.0,43,9116.307135011939,9108.490000000002,9100.672864988064,False,False,False,0.0,0.0,,,0
111,2014-10-30 18:41:00,9111.5,9111.5,9109.3,9109.8,49,9116.243528169887,9108.83,9101.416471830113,False,False,False,0.0,0.0,,,0
112,2014-10-30 18:42:00,9110.0,9111.5,9109.3,9111.3,27,9116.37891114815,9109.17,9101.961088851851,False,False,False,0.0,0.0,,,0
113,2014-10-30 18:43:00,9111.0,9113.3,9111.0,9112.8,24,9116.667573421379,9109.56,9102.45242657862,False,False,False,0.0,0.0,,,0
114,2014-10-30 18:44:00,9112.3,9114.0,9111.3,9114.0,21,9116.994676711862,9110.035,9103.075323288138,False,False,False,0.0,0.0,,,0
115,2014-10-30 18:45:00,9113.8,9116.3,9112.3,9116.3,25,9117.819836066668,9110.499999999998,9103.180163933328,False,False,False,0.0,0.0,,,0
116,2014-10-30 18:46:00,9116.5,9116.8,9114.3,9115.0,38,9118.30046357546,9110.884999999998,9103.469536424536,False,False,False,0.0,0.0,,,0
117,2014-10-30 18:47:00,9114.8,9114.8,9113.5,9114.0,19,9117.859084441421,9111.47,9105.080915558578,False,False,False,0.0,0.0,,,0
118,2014-10-30 18:48:00,9113.5,9115.8,9113.3,9115.8,19,9117.71840967056,9112.06,9106.401590329438,False,False,False,0.0,0.0,,,0
119,2014-10-30 18:49:00,9116.0,9117.8,9115.3,9117.5,32,9117.94106049192,9112.66,9107.37893950808,False,False,False,0.0,0.0,,,0
120,2014-10-30 18:50:00,9117.0,9118.0,9114.3,9116.0,40,9117.954825095034,9113.095,9108.235174904965,True,True,False,0.0,0.0,,,0
121,2014-10-30 18:51:00,9115.5,9116.3,9114.3,9115.0,32,9117.977651556981,9113.380000000001,9108.782348443021,False,False,False,0.0,0.0,prepare trade,,7
122,2014-10-30 18:52:00,9115.3,9117.3,9115.3,9117.3,23,9118.100878117799,9113.83,9109.559121882201,False,False,False,9119.357334211909,9111.24266578809,start trade,down,0
123,2014-10-30 18:53:00,9117.5,9117.8,9115.8,9117.0,24,9118.325420626985,9114.165,9110.004579373017,False,False,False,0.0,0.0,,,0
124,2014-10-30 18:54:00,9116.8,9116.8,9115.3,9115.3,16,9118.433584869239,9114.265000000001,9110.096415130763,False,False,False,0.0,0.0,,,0
125,2014-10-30 18:55:00,9115.0,9115.5,9112.0,9112.5,27,9118.409660157984,9114.29,9110.170339842018,False,False,False,0.0,0.0,,,0
126,2014-10-30 18:56:00,9112.3,9113.0,9111.0,9112.3,16,9118.421316654363,9114.215,9110.008683345637,False,False,False,0.0,0.0,,,0
127,2014-10-30 18:57:00,9112.0,9114.0,9111.3,9113.0,30,9118.411448955441,9114.175000000001,9109.93855104456,False,False,False,0.0,0.0,,,0
128,2014-10-30 18:58:00,9112.8,9115.0,9112.8,9114.5,32,9118.389609873371,9114.160000000002,9109.930390126632,False,False,False,0.0,0.0,,,0
129,2014-10-30 18:59:00,9114.3,9114.5,9113.0,9114.0,13,9118.360525594895,9114.270000000002,9110.17947440511,False,False,False,0.0,0.0,,,0
130,2014-10-30 19:00:00,9113.5,9116.0,9113.3,9116.0,17,9118.487511622243,9114.470000000003,9110.452488377763,False,False,False,0.0,0.0,,,0
131,2014-10-30 19:01:00,9116.5,9117.3,9114.3,9114.3,30,9118.098219003145,9114.695000000003,9111.291780996862,False,False,False,0.0,0.0,,,0
132,2014-10-30 19:02:00,9114.0,9115.8,9113.8,9114.8,28,9117.89595433992,9114.870000000003,9111.844045660086,False,False,False,0.0,0.0,,,0
133,2014-10-30 19:03:00,9114.3,9115.0,9113.5,9115.0,21,9117.853047092838,9114.980000000003,9112.106952907168,False,False,False,0.0,0.0,,,0
134,2014-10-30 19:04:00,9115.3,9115.3,9113.5,9114.5,31,9117.852086165187,9115.005000000003,9112.157913834819,False,False,False,0.0,0.0,,,0
135,2014-10-30 19:05:00,9114.8,9115.8,9112.8,9114.8,25,9117.71503133058,9114.930000000004,9112.144968669429,False,False,False,0.0,0.0,,,0
136,2014-10-30 19:06:00,9114.5,9116.3,9114.5,9115.8,20,9117.780764943163,9114.970000000003,9112.159235056843,False,False,False,0.0,0.0,,,0
137,2014-10-30 19:07:00,9115.5,9117.5,9115.5,9117.3,22,9118.082727872425,9115.135000000002,9112.18727212758,False,False,False,0.0,0.0,,,0
138,2014-10-30 19:08:00,9117.0,9118.0,9117.0,9117.3,29,9118.2947365638,9115.210000000003,9112.125263436206,False,False,False,0.0,0.0,,,0
139,2014-10-30 19:09:00,9116.3,9118.0,9115.5,9118.0,33,9118.400612046198,9115.235000000002,9112.069387953807,False,False,False,0.0,0.0,,,0
140,2014-10-30 19:10:00,9118.5,9119.5,9117.5,9119.3,28,9119.019392176295,9115.400000000001,9111.780607823708,True,True,False,0.0,0.0,,,0
141,2014-10-30 19:11:00,9119.8,9122.3,9119.8,9121.8,39,9120.30043853958,9115.740000000002,9111.179561460423,True,True,False,0.0,0.0,,,0
142,2014-10-30 19:12:00,9122.3,9124.5,9120.8,9122.5,41,9121.401851507506,9116.000000000002,9110.598148492498,True,True,False,0.0,0.0,,,0
143,2014-10-30 19:13:00,9122.3,9122.8,9121.3,9122.3,28,9122.317858807448,9116.265000000001,9110.212141192555,True,True,False,0.0,0.0,,,0
144,2014-10-30 19:14:00,9122.0,9124.8,9121.8,9123.0,26,9123.352984388252,9116.650000000001,9109.947015611751,True,True,False,0.0,0.0,,,0
145,2014-10-30 19:15:00,9123.3,9125.0,9121.3,9121.8,39,9123.89180601246,9117.115000000002,9110.338193987543,True,True,False,0.0,0.0,,,0
146,2014-10-30 19:16:00,9122.3,9125.8,9121.5,9125.0,30,9124.96872562966,9117.750000000002,9110.531274370343,True,True,False,0.0,0.0,,,0
147,2014-10-30 19:17:00,9124.8,9126.8,9124.5,9126.3,36,9126.189901918271,9118.415,9110.64009808173,True,True,False,0.0,0.0,,,0
148,2014-10-30 19:18:00,9127.0,9129.0,9125.8,9128.8,22,9127.899743429562,9119.130000000001,9110.36025657044,True,True,False,0.0,0.0,,,0
149,2014-10-30 19:19:00,9129.0,9141.0,9129.0,9135.0,76,9131.024648444914,9120.18,9109.335351555086,True,True,False,0.0,0.0,,,0
150,2014-10-30 19:20:00,9134.8,9142.0,9134.8,9139.0,62,9134.73374574191,9121.33,9107.92625425809,True,True,False,0.0,0.0,,,0
151,2014-10-30 19:21:00,9139.3,9141.3,9138.0,9141.3,38,9138.24426676331,9122.68,9107.115733236691,True,True,False,0.0,0.0,,,0
152,2014-10-30 19:22:00,9142.3,9144.3,9141.0,9144.0,47,9141.80945386233,9124.140000000001,9106.470546137672,True,True,False,0.0,0.0,,,0
153,2014-10-30 19:23:00,9144.3,9148.0,9142.0,9146.0,48,9145.221093155804,9125.69,9106.158906844197,True,True,False,0.0,0.0,,,0
154,2014-10-30 19:24:00,9145.8,9145.8,9142.5,9145.3,54,9147.81748163154,9127.23,9106.642518368459,False,False,False,0.0,0.0,prepare trade,,8
155,2014-10-30 19:25:00,9145.5,9146.0,9142.3,9143.5,53,9149.585064527311,9128.665,9107.74493547269,False,False,False,9165.374061300945,9125.625938699055,start trade,down,0
156,2014-10-30 19:26:00,9143.3,9143.8,9139.8,9140.0,36,9150.475667460287,9129.875000000002,9109.274332539717,False,False,False,0.0,0.0,,,0
157,2014-10-30 19:27:00,9139.8,9141.0,9137.5,9137.5,40,9150.89272600107,9130.885000000002,9110.877273998934,False,False,False,0.0,0.0,,,0
158,2014-10-30 19:28:00,9138.0,9139.0,9137.5,9137.8,42,9151.113114325675,9131.910000000002,9112.706885674328,False,False,False,0.0,0.0,,,0
159,2014-10-30 19:29:00,9137.5,9142.3,9137.3,9140.5,54,9151.467501181536,9133.035000000002,9114.602498818467,False,False,False,0.0,0.0,,,0
160,2014-10-30 19:30:00,9141.0,9142.5,9140.0,9140.3,46,9151.639859717376,9134.085000000003,9116.53014028263,False,False,False,0.0,0.0,,,0
161,2014-10-30 19:31:00,9140.0,9142.0,9138.3,9139.8,30,9151.756437020624,9134.985000000002,9118.213562979381,False,False,False,0.0,0.0,,,0
162,2014-10-30 19:32:00,9138.8,9139.3,9136.8,9139.3,31,9151.6682162099,9135.825,9119.981783790101,False,False,False,0.0,0.0,,,0
163,2014-10-30 19:33:00,9139.8,9141.0,9138.5,9140.5,28,9151.41427449586,9136.735000000002,9122.055725504144,False,False,False,0.0,0.0,,,0
164,2014-10-30 19:34:00,9140.0,9140.0,9137.3,9138.5,38,9150.775428743833,9137.510000000002,9124.244571256171,False,False,False,0.0,0.0,,,0
165,2014-10-30 19:35:00,9138.3,9141.3,9137.8,9140.5,39,9149.620951844736,9138.445000000003,9127.26904815527,False,False,False,0.0,0.0,,,0
166,2014-10-30 19:36:00,9141.3,9142.5,9140.0,9142.3,39,9148.72953288649,9139.310000000001,9129.890467113513,False,False,False,0.0,0.0,,,0
167,2014-10-30 19:37:00,9142.5,9143.3,9140.3,9141.3,28,9147.368734482636,9140.060000000001,9132.751265517367,False,False,False,0.0,0.0,,,0
168,2014-10-30 19:38:00,9141.5,9142.3,9140.5,9141.8,26,9145.903803966901,9140.710000000003,9135.516196033104,False,False,False,0.0,0.0,,,0
169,2014-10-30 19:39:00,9142.0,9145.3,9139.5,9144.0,47,9145.83007491349,9141.160000000002,9136.489925086513,False,False,False,0.0,0.0,,,0
170,2014-10-30 19:40:00,9143.3,9143.5,9140.0,9141.5,40,9145.84976721542,9141.285000000002,9136.720232784583,False,False,False,0.0,0.0,,,0
171,2014-10-30 19:41:00,9141.3,9143.8,9139.8,9142.5,38,9145.940421590749,9141.345000000003,9136.749578409257,False,False,False,0.0,0.0,,,0
172,2014-10-30 19:42:00,9142.8,9146.5,9142.0,9146.3,34,9146.416369606877,9141.460000000003,9136.503630393128,True,True,False,0.0,0.0,,,0
173,2014-10-30 19:43:00,9147.0,9148.8,9144.3,9147.5,62,9146.799703200164,9141.535000000002,9136.27029679984,True,True,False,0.0,0.0,,,0
174,2014-10-30 19:44:00,9147.0,9147.5,9144.5,9146.0,57,9146.942559880688,9141.570000000003,9136.197440119318,True,True,False,0.0,0.0,,,0
175,2014-10-30 19:45:00,9145.8,9146.3,9144.3,9145.0,29,9147.16314277933,9141.645000000002,9136.126857220674,False,False,False,0.0,0.0,prepare trade,,9
176,2014-10-30 19:46:00,9144.0,9146.5,9143.5,9144.3,37,9147.43974907129,9141.860000000002,9136.280250928714,False,False,False,9149.300761617724,9138.699238382276,start trade,down,0
177,2014-10-30 19:47:00,9144.0,9145.5,9143.8,9145.5,31,9147.676788694647,9142.260000000002,9136.843211305357,False,False,False,0.0,0.0,,,0
178,2014-10-30 19:48:00,9145.8,9148.0,9145.8,9146.0,37,9147.912938088864,9142.670000000002,9137.42706191114,True,True,False,0.0,0.0,,,0
179,2014-10-30 19:49:00,9145.5,9146.3,9144.5,9146.0,29,9148.279969506775,9142.945000000003,9137.610030493232,False,False,False,0.0,0.0,prepare trade,,10
180,2014-10-30 19:50:00,9146.3,9148.0,9146.0,9147.3,41,9148.805526267215,9143.295000000002,9137.784473732789,False,False,False,9151.534999953852,9141.065000046146,start trade,down,0
181,2014-10-30 19:51:00,9148.0,9148.0,9146.3,9147.0,22,9149.145892433946,9143.655000000002,9138.16410756606,False,False,False,0.0,0.0,,,0
182,2014-10-30 19:52:00,9147.3,9148.3,9145.3,9148.3,26,9149.56960425048,9144.105000000003,9138.640395749526,False,False,False,0.0,0.0,,,0
183,2014-10-30 19:53:00,9147.8,9152.8,9147.5,9150.8,58,9150.55012645037,9144.620000000003,9138.689873549636,True,True,False,0.0,0.0,,,0
184,2014-10-30 19:54:00,9150.3,9154.3,9150.0,9152.0,44,9151.356839633057,9145.295000000002,9139.233160366946,True,True,False,0.0,0.0,,,0
185,2014-10-30 19:55:00,9152.5,9157.3,9151.3,9156.0,40,9153.327024157596,9146.070000000003,9138.812975842411,True,True,False,0.0,0.0,,,0
186,2014-10-30 19:56:00,9155.5,9159.3,9155.5,9157.8,36,9155.501667926494,9146.845000000003,9138.188332073512,True,True,False,0.0,0.0,,,0
187,2014-10-30 19:57:00,9158.3,9158.3,9155.0,9156.8,35,9156.90474015141,9147.620000000003,9138.335259848594,True,True,False,0.0,0.0,,,0
188,2014-10-30 19:58:00,9157.5,9157.8,9155.8,9156.5,30,9158.000822907454,9148.355000000003,9138.709177092553,False,False,False,0.0,0.0,prepare trade,,11
189,2014-10-30 19:59:00,9156.3,9156.8,9153.0,9153.8,36,9158.551590525029,9148.845000000003,9139.138409474977,False,False,False,9165.521260998774,9147.078739001225,start trade,down,0
190,2014-10-30 20:00:00,9154.0,9157.8,9154.0,9157.0,30,9159.332177906319,9149.620000000003,9139.907822093686,False,False,False,0.0,0.0,,,0
191,2014-10-30 20:01:00,9157.3,9157.3,9153.8,9155.0,30,9159.647866566114,9150.245000000003,9140.842133433891,False,False,False,0.0,0.0,,,0
192,2014-10-30 20:02:00,9154.5,9155.3,9154.0,9154.5,23,9160.04914177482,9150.655000000002,9141.260858225185,False,False,False,0.0,0.0,,,0
193,2014-10-30 20:03:00,9155.0,9156.5,9154.3,9154.5,34,9160.424442639393,9151.005000000003,9141.585557360613,False,False,False,0.0,0.0,,,0
194,2014-10-30 20:04:00,9154.3,9155.8,9153.3,9155.5,25,9160.799570782066,9151.480000000003,9142.16042921794,False,False,False,0.0,0.0,,,0
195,2014-10-30 20:05:00,9155.8,9156.3,9154.0,9155.3,34,9160.956802253806,9151.995000000003,9143.0331977462,False,False,False,0.0,0.0,,,0
196,2014-10-30 20:06:00,9155.8,9158.5,9155.0,9158.3,37,9161.324130870407,9152.695000000003,9144.0658691296,False,False,False,0.0,0.0,,,0
197,2014-10-30 20:07:00,9159.3,9159.5,9154.5,9154.5,49,9161.14186811655,9153.145000000002,9145.148131883454,False,False,False,0.0,0.0,,,0
198,2014-10-30 20:08:00,9154.8,9154.8,9153.8,9154.5,21,9160.876462864679,9153.570000000003,9146.263537135328,False,False,False,0.0,0.0,,,0
199,2014-10-30 20:09:00,9154.3,9156.0,9153.8,9154.3,21,9160.414704478395,9153.985000000002,9147.55529552161,False,False,False,0.0,0.0,,,0
200,2014-10-30 20:10:00,9154.5,9155.5,9153.3,9153.8,28,9159.965758109229,9154.310000000001,9148.654241890774,False,False,False,0.0,0.0,,,0
201,2014-10-30 20:11:00,9153.3,9157.0,9153.3,9156.5,31,9159.406374223314,9154.785000000002,9150.16362577669,False,False,False,0.0,0.0,,,0
202,2014-10-30 20:12:00,9156.8,9157.5,9153.3,9154.5,33,9158.641533467326,9155.095000000003,9151.54846653268,False,False,False,0.0,0.0,,,0
203,2014-10-30 20:13:00,9154.8,9154.8,9151.3,9152.0,29,9158.439798265837,9155.155000000002,9151.870201734167,True,False,True,0.0,0.0,,,0
204,2014-10-30 20:14:00,9151.0,9152.3,9150.8,9151.5,42,9158.516502576926,9155.130000000003,9151.74349742308,True,False,True,0.0,0.0,,,0
205,2014-10-30 20:15:00,9151.3,9153.3,9150.0,9150.5,37,9158.766764258231,9154.855000000003,9150.943235741775,True,False,True,0.0,0.0,,,0
206,2014-10-30 20:16:00,9151.0,9151.3,9149.5,9150.3,30,9158.621787009666,9154.480000000003,9150.33821299034,True,False,True,0.0,0.0,,,0
207,2014-10-30 20:17:00,9150.5,9151.0,9144.8,9144.8,44,9159.657404227726,9153.880000000003,9148.10259577228,True,False,True,0.0,0.0,,,0
208,2014-10-30 20:18:00,9145.3,9146.5,9142.3,9143.5,58,9160.431694218169,9153.230000000003,9146.028305781838,True,False,True,0.0,0.0,,,0
209,2014-10-30 20:19:00,9142.8,9143.3,9141.0,9142.0,46,9161.336528021624,9152.640000000003,9143.943471978382,True,False,True,0.0,0.0,,,0
210,2014-10-30 20:20:00,9142.5,9142.5,9138.5,9138.5,49,9162.12620068033,9151.715000000004,9141.303799319678,True,False,True,0.0,0.0,,,0
211,2014-10-30 20:21:00,9138.3,9140.5,9137.8,9138.3,43,9162.68840377327,9150.880000000003,9139.071596226735,True,False,True,0.0,0.0,,,0
212,2014-10-30 20:22:00,9137.8,9138.3,9135.3,9137.0,34,9163.130772346754,9150.005000000003,9136.879227653251,True,False,True,0.0,0.0,,,0
213,2014-10-30 20:23:00,9136.8,9137.5,9134.3,9137.5,52,9163.177478371554,9149.155000000002,9135.132521628451,True,False,True,0.0,0.0,,,0
214,2014-10-30 20:24:00,9137.8,9139.0,9136.8,9137.0,30,9162.88279494313,9148.230000000003,9133.577205056876,False,False,False,0.0,0.0,prepare trade,,12
215,2014-10-30 20:25:00,9137.3,9140.0,9136.3,9140.0,45,9162.15898174923,9147.465000000004,9132.771018250778,False,False,False,9123.340717338235,9151.259282661764,start trade,up,0
216,2014-10-30 20:26:00,9139.5,9140.8,9138.3,9139.5,33,9160.723151270482,9146.525000000005,9132.326848729528,False,False,False,0.0,0.0,,,0
217,2014-10-30 20:27:00,9139.3,9139.8,9136.8,9138.5,24,9159.838380159383,9145.725000000004,9131.611619840625,False,False,False,0.0,0.0,,,0
218,2014-10-30 20:28:00,9138.8,9138.8,9136.5,9138.5,31,9158.769403184766,9144.925000000005,9131.080596815244,False,False,False,0.0,0.0,,,0
219,2014-10-30 20:29:00,9138.3,9138.8,9137.3,9137.5,30,9157.586596184256,9144.085000000005,9130.583403815754,False,False,False,0.0,0.0,,,0
220,2014-10-30 20:30:00,9137.8,9140.0,9137.0,9139.8,30,9156.235256784546,9143.385000000006,9130.534743215465,False,False,False,0.0,0.0,,,0
221,2014-10-30 20:31:00,9140.3,9141.0,9139.0,9140.3,22,9153.977083121787,9142.575000000004,9131.172916878222,False,False,False,0.0,0.0,,,0
222,2014-10-30 20:32:00,9140.0,9141.3,9140.0,9140.3,21,9151.894212310943,9141.865000000003,9131.835787689064,False,False,False,0.0,0.0,,,0
223,2014-10-30 20:33:00,9140.5,9140.8,9138.8,9140.0,28,9150.169891890997,9141.265000000003,9132.36010810901,False,False,False,0.0,0.0,,,0
224,2014-10-30 20:34:00,9140.3,9142.0,9139.5,9140.5,31,9148.281577797181,9140.715000000004,9133.148422202827,False,False,False,0.0,0.0,,,0
225,2014-10-30 20:35:00,9140.0,9141.5,9139.3,9139.8,32,9146.273143648159,9140.180000000004,9134.086856351849,False,False,False,0.0,0.0,,,0
226,2014-10-30 20:36:00,9140.0,9140.3,9137.5,9138.0,24,9143.575124625273,9139.565000000004,9135.554875374735,False,False,False,0.0,0.0,,,0
227,2014-10-30 20:37:00,9138.3,9139.3,9137.5,9137.5,33,9142.504542258752,9139.200000000004,9135.895457741257,False,False,False,0.0,0.0,,,0
228,2014-10-30 20:38:00,9137.0,9139.5,9137.0,9139.5,26,9141.660826857595,9139.000000000004,9136.339173142413,False,False,False,0.0,0.0,,,0
229,2014-10-30 20:39:00,9139.3,9141.0,9138.0,9141.0,38,9141.413736900733,9138.950000000004,9136.486263099276,False,False,False,0.0,0.0,,,0
230,2014-10-30 20:40:00,9140.0,9140.0,9139.0,9139.3,21,9141.449186778935,9138.990000000003,9136.530813221072,False,False,False,0.0,0.0,,,0
231,2014-10-30 20:41:00,9140.0,9141.0,9139.5,9140.3,19,9141.59111964903,9139.090000000004,9136.588880350977,False,False,False,0.0,0.0,,,0
232,2014-10-30 20:42:00,9139.8,9141.0,9139.5,9140.3,20,9141.61421588892,9139.255000000003,9136.895784111086,False,False,False,0.0,0.0,,,0
233,2014-10-30 20:43:00,9140.5,9142.8,9140.3,9142.5,29,9142.113811917343,9139.505000000003,9136.896188082663,True,True,False,0.0,0.0,,,0
234,2014-10-30 20:44:00,9143.5,9144.3,9142.3,9142.5,39,9142.43375198262,9139.780000000002,9137.126248017385,True,True,False,0.0,0.0,,,0
235,2014-10-30 20:45:00,9142.8,9144.8,9142.8,9144.0,26,9143.210232119402,9139.980000000003,9136.749767880605,True,True,False,0.0,0.0,,,0
236,2014-10-30 20:46:00,9143.8,9143.8,9140.3,9140.3,44,9143.24527511998,9140.020000000002,9136.794724880025,True,True,False,0.0,0.0,,,0
237,2014-10-30 20:47:00,9140.5,9141.5,9140.0,9140.5,27,9143.273791300884,9140.120000000003,9136.966208699121,False,False,False,0.0,0.0,prepare trade,,13
238,2014-10-30 20:48:00,9140.3,9140.3,9134.5,9134.8,48,9143.80088924464,9139.935000000001,9136.069110755363,True,False,True,9143.972594782406,9136.627405217592,start trade,down,0
239,2014-10-30 20:49:00,9135.0,9135.0,9129.0,9130.8,63,9145.077225536967,9139.600000000002,9134.122774463038,True,False,True,0.0,0.0,,,0
240,2014-10-30 20:50:00,9131.3,9131.8,9129.0,9129.8,42,9146.04262195218,9139.100000000002,9132.157378047825,True,False,True,0.0,0.0,,,0
241,2014-10-30 20:51:00,9130.3,9131.0,9124.8,9125.3,47,9147.501502586068,9138.350000000002,9129.198497413936,True,False,True,0.0,0.0,,,0
242,2014-10-30 20:52:00,9125.5,9127.0,9123.5,9125.8,52,9148.226297075835,9137.625000000002,9127.023702924169,True,False,True,0.0,0.0,,,0
243,2014-10-30 20:53:00,9125.5,9129.0,9125.0,9129.0,34,9148.252097108423,9137.075,9125.897902891578,True,False,True,0.0,0.0,,,0
244,2014-10-30 20:54:00,9128.5,9129.5,9122.3,9123.8,52,9148.691409548419,9136.240000000002,9123.788590451584,True,False,True,0.0,0.0,,,0
245,2014-10-30 20:55:00,9123.0,9123.3,9116.8,9117.8,60,9149.82569371094,9135.140000000001,9120.454306289063,True,False,True,0.0,0.0,,,0
246,2014-10-30 20:56:00,9117.5,9122.8,9116.3,9120.3,51,9150.222025387498,9134.255000000001,9118.287974612504,True,False,True,0.0,0.0,,,0
247,2014-10-30 20:57:00,9119.8,9121.3,9114.8,9116.5,61,9150.853736492729,9133.205,9115.556263507271,True,False,True,0.0,0.0,,,0
248,2014-10-30 20:58:00,9117.0,9118.5,9114.5,9118.0,49,9150.70870823528,9132.130000000001,9113.551291764723,False,False,False,0.0,0.0,prepare trade,,14
249,2014-10-30 20:59:00,9117.8,9121.0,9116.3,9120.5,53,9149.874174192528,9131.105,9112.335825807471,False,False,False,9099.969284517098,9135.630715482901,start trade,up,0
250,2014-10-30 21:00:00,9120.3,9123.8,9119.0,9123.8,54,9148.961167430753,9130.33,9111.698832569247,False,False,False,0.0,0.0,,,0
251,2014-10-30 21:01:00,9124.0,9124.0,9122.3,9123.5,37,9147.758760213026,9129.490000000002,9111.221239786977,False,False,False,0.0,0.0,,,0
252,2014-10-30 21:02:00,9123.3,9125.5,9122.8,9124.0,40,9146.387919007437,9128.675000000001,9110.962080992565,False,False,False,0.0,0.0,,,0
253,2014-10-30 21:03:00,9123.8,9124.0,9120.3,9122.0,41,9144.390071676104,9127.650000000001,9110.9099283239,False,False,False,0.0,0.0,,,0
254,2014-10-30 21:04:00,9122.5,9122.5,9118.8,9119.5,38,9142.124339976677,9126.500000000002,9110.875660023326,False,False,False,0.0,0.0,,,0
255,2014-10-30 21:05:00,9118.8,9122.8,9117.5,9122.8,60,9138.897845287313,9125.44,9111.982154712688,False,False,False,0.0,0.0,,,0
256,2014-10-30 21:06:00,9123.0,9124.0,9122.0,9123.5,30,9136.213784899734,9124.600000000002,9112.98621510027,False,False,False,0.0,0.0,,,0
257,2014-10-30 21:07:00,9123.3,9123.5,9120.5,9123.5,36,9132.787145551483,9123.750000000002,9114.71285444852,False,False,False,0.0,0.0,,,0
258,2014-10-30 21:08:00,9123.0,9125.3,9123.0,9124.5,25,9130.73840587054,9123.235000000002,9115.731594129466,False,False,False,0.0,0.0,,,0
259,2014-10-30 21:09:00,9125.0,9125.0,9120.3,9121.3,52,9129.44592548998,9122.760000000002,9116.074074510025,False,False,False,0.0,0.0,,,0
260,2014-10-30 21:10:00,9121.8,9124.3,9120.0,9124.3,38,9128.397791192345,9122.485000000002,9116.57220880766,False,False,False,0.0,0.0,,,0
261,2014-10-30 21:11:00,9124.5,9128.8,9123.5,9128.5,51,9129.00973877983,9122.645000000002,9116.280261220174,False,False,False,0.0,0.0,,,0
262,2014-10-30 21:12:00,9128.0,9128.5,9124.8,9126.0,45,9129.04013114399,9122.655000000002,9116.269868856016,False,False,False,0.0,0.0,,,0
263,2014-10-30 21:13:00,9126.5,9128.8,9126.0,9128.8,42,9128.990856894538,9122.645000000002,9116.299143105467,False,False,False,0.0,0.0,,,0
264,2014-10-30 21:14:00,9129.0,9129.0,9127.3,9127.8,23,9129.564962769107,9122.845000000003,9116.125037230899,False,False,False,0.0,0.0,,,0
265,2014-10-30 21:15:00,9127.5,9129.0,9126.0,9126.0,26,9129.688187364209,9123.255000000003,9116.821812635797,False,False,False,0.0,0.0,,,0
266,2014-10-30 21:16:00,9126.3,9126.3,9121.3,9121.8,47,9129.657748388696,9123.330000000004,9117.002251611311,False,False,False,0.0,0.0,,,0
267,2014-10-30 21:17:00,9122.0,9125.3,9121.8,9124.3,50,9129.223671477317,9123.720000000003,9118.216328522689,False,False,False,0.0,0.0,,,0
268,2014-10-30 21:18:00,9124.8,9127.5,9124.0,9127.5,41,9129.264704098638,9124.195000000003,9119.12529590137,False,False,False,0.0,0.0,,,0
269,2014-10-30 21:19:00,9128.0,9128.3,9125.5,9125.8,29,9129.277219086285,9124.460000000003,9119.64278091372,False,False,False,0.0,0.0,,,0
270,2014-10-30 21:20:00,9126.0,9129.3,9126.0,9128.8,31,9129.870968875359,9124.710000000003,9119.549031124647,False,False,False,0.0,0.0,,,0
271,2014-10-30 21:21:00,9130.0,9130.3,9125.5,9126.3,36,9130.02397330899,9124.850000000002,9119.676026691015,True,True,False,0.0,0.0,,,0
272,2014-10-30 21:22:00,9126.5,9127.3,9124.0,9125.5,33,9130.090994562637,9124.925000000001,9119.759005437365,False,False,False,0.0,0.0,prepare trade,,15
273,2014-10-30 21:23:00,9126.0,9128.0,9124.0,9125.3,38,9130.07954906797,9125.09,9120.10045093203,False,False,False,9130.740071614571,9121.259928385429,start trade,down,0
274,2014-10-30 21:24:00,9125.0,9125.8,9123.3,9124.0,35,9129.637163797413,9125.315,9120.992836202588,False,False,False,0.0,0.0,,,0
275,2014-10-30 21:25:00,9124.5,9126.0,9119.5,9121.0,50,9129.819289910127,9125.225000000002,9120.630710089878,True,False,True,0.0,0.0,,,0
276,2014-10-30 21:26:00,9121.5,9122.8,9119.3,9121.0,38,9130.00102028175,9125.100000000002,9120.198979718254,True,False,True,0.0,0.0,,,0
277,2014-10-30 21:27:00,9121.5,9122.3,9119.3,9120.0,36,9130.27172795801,9124.925000000001,9119.578272041992,True,False,True,0.0,0.0,,,0
278,2014-10-30 21:28:00,9119.5,9120.5,9115.0,9116.3,38,9131.05389133316,9124.515000000001,9117.976108666842,True,False,True,0.0,0.0,,,0
279,2014-10-30 21:29:00,9116.5,9119.3,9114.8,9119.3,39,9131.203895336064,9124.415,9117.626104663937,True,False,True,0.0,0.0,,,0
280,2014-10-30 21:30:00,9120.0,9121.5,9118.5,9120.8,54,9131.209763250205,9124.240000000002,9117.270236749799,False,False,False,0.0,0.0,prepare trade,,16
281,2014-10-30 21:31:00,9119.3,9120.5,9117.5,9119.0,42,9130.803259712362,9123.765000000001,9116.72674028764,False,False,False,9112.613653273256,9125.986346726742,start trade,up,0
282,2014-10-30 21:32:00,9119.8,9124.5,9119.5,9122.8,47,9130.57794054921,9123.605,9116.632059450789,False,False,False,0.0,0.0,,,0
283,2014-10-30 21:33:00,9123.0,9123.0,9121.0,9121.8,20,9129.841797384328,9123.255000000001,9116.668202615674,False,False,False,0.0,0.0,,,0
284,2014-10-30 21:34:00,9122.8,9129.3,9122.8,9127.8,54,9129.841797384328,9123.255000000001,9116.668202615674,False,False,False,0.0,0.0,,,0
285,2014-10-30 21:35:00,9128.0,9128.3,9124.0,9125.5,37,9129.778618171073,9123.23,9116.681381828927,False,False,False,0.0,0.0,,,0
286,2014-10-30 21:36:00,9126.0,9127.8,9123.5,9126.0,43,9130.060694817423,9123.44,9116.819305182578,False,False,False,0.0,0.0,,,0
287,2014-10-30 21:37:00,9126.3,9128.3,9125.3,9127.5,42,9130.446897089692,9123.600000000002,9116.753102910312,False,False,False,0.0,0.0,,,0
288,2014-10-30 21:38:00,9127.8,9130.3,9127.8,9127.8,34,9130.497230723257,9123.615000000002,9116.732769276747,False,False,False,0.0,0.0,,,0
289,2014-10-30 21:39:00,9127.5,9128.3,9125.0,9127.5,37,9130.728513341906,9123.7,9116.671486658095,False,False,False,0.0,0.0,,,0
290,2014-10-30 21:40:00,9127.8,9127.8,9122.8,9125.0,47,9130.172702133128,9123.510000000002,9116.847297866876,False,False,False,0.0,0.0,,,0
291,2014-10-30 21:41:00,9124.5,9126.5,9124.0,9125.0,25,9130.022377865878,9123.445000000003,9116.867622134128,False,False,False,0.0,0.0,,,0
292,2014-10-30 21:42:00,9124.8,9127.8,9124.5,9127.0,28,9130.222417451914,9123.520000000002,9116.81758254809,False,False,False,0.0,0.0,,,0
293,2014-10-30 21:43:00,9126.8,9130.5,9125.8,9129.0,43,9130.78722419573,9123.705000000004,9116.622775804277,False,False,False,0.0,0.0,,,0
294,2014-10-30 21:44:00,9128.5,9129.5,9126.0,9128.0,33,9131.23097431353,9123.905000000002,9116.579025686475,False,False,False,0.0,0.0,,,0
295,2014-10-30 21:45:00,9128.8,9136.5,9128.8,9136.0,53,9133.542626209251,9124.655000000002,9115.767373790753,True,True,False,0.0,0.0,,,0
296,2014-10-30 21:46:00,9135.8,9138.3,9135.0,9135.5,35,9135.266273296065,9125.380000000003,9115.49372670394,True,True,False,0.0,0.0,,,0
297,2014-10-30 21:47:00,9135.3,9135.3,9132.0,9132.5,46,9136.031260501739,9126.005000000003,9115.978739498267,False,False,False,0.0,0.0,prepare trade,,17
298,2014-10-30 21:48:00,9132.0,9133.3,9131.5,9132.8,31,9136.221506778877,9126.830000000004,9117.43849322113,False,False,False,9140.921931439929,9123.078068560071,start trade,down,0
299,2014-10-30 21:49:00,9132.3,9135.8,9132.0,9135.5,34,9137.088259078613,9127.640000000003,9118.191740921393,False,False,False,0.0,0.0,,,0
300,2014-10-30 21:50:00,9136.0,9138.0,9135.0,9135.5,31,9137.8674970129,9128.375000000004,9118.882502987108,True,True,False,0.0,0.0,,,0
301,2014-10-30 21:51:00,9135.0,9136.5,9134.8,9136.0,22,9138.23984883437,9129.225000000004,9120.210151165638,False,False,False,0.0,0.0,prepare trade,,18
302,2014-10-30 21:52:00,9135.8,9139.0,9135.0,9139.0,22,9139.495290664629,9130.035000000005,9120.574709335382,False,False,False,9144.787276131392,9126.812723868607,start trade,down,0
303,2014-10-30 21:53:00,9138.8,9139.0,9136.3,9137.0,18,9139.923302110594,9130.795000000006,9121.666697889417,False,False,False,0.0,0.0,,,0
304,2014-10-30 21:54:00,9136.8,9137.0,9135.5,9136.5,17,9140.572612018635,9131.230000000007,9121.887387981378,False,False,False,0.0,0.0,,,0
305,2014-10-30 21:55:00,9135.8,9139.0,9135.8,9136.8,35,9141.049506978501,9131.795000000006,9122.54049302151,False,False,False,0.0,0.0,,,0
306,2014-10-30 21:56:00,9137.3,9138.8,9137.3,9138.0,24,9141.624837451714,9132.395000000006,9123.165162548297,False,False,False,0.0,0.0,,,0
307,2014-10-30 21:57:00,9138.3,9144.3,9138.3,9143.5,33,9143.319322170957,9133.195000000005,9123.070677829053,True,True,False,0.0,0.0,,,0
308,2014-10-30 21:58:00,9143.8,9147.3,9143.3,9147.0,35,9145.605323110822,9134.155000000006,9122.70467688919,True,True,False,0.0,0.0,,,0
309,2014-10-30 21:59:00,9147.5,9147.5,9142.8,9144.3,27,9146.827746907886,9134.995000000006,9123.162253092127,True,True,False,0.0,0.0,,,0
310,2014-10-30 22:00:00,9144.0,9144.3,9143.5,9144.0,18,9147.462026502819,9135.945000000005,9124.427973497191,False,False,False,0.0,0.0,prepare trade,,19
311,2014-10-30 22:01:00,9143.3,9146.0,9143.3,9146.0,17,9148.152683421999,9136.995000000006,9125.837316578014,False,False,False,9153.899799250892,9132.700200749106,start trade,down,0
312,2014-10-30 22:02:00,9145.5,9145.5,9144.3,9144.3,13,9148.452148012664,9137.860000000004,9127.267851987344,False,False,False,0.0,0.0,,,0
313,2014-10-30 22:03:00,9143.8,9144.0,9140.8,9141.0,13,9148.310157332742,9138.460000000005,9128.609842667267,False,False,False,0.0,0.0,,,0
314,2014-10-30 22:04:00,9141.3,9141.5,9139.8,9140.0,18,9147.67264184149,9139.060000000005,9130.44735815852,False,False,False,0.0,0.0,,,0
315,2014-10-30 22:05:00,9140.3,9140.5,9139.0,9140.5,10,9147.800697237466,9139.285000000005,9130.769302762545,False,False,False,0.0,0.0,,,0
316,2014-10-30 22:06:00,9140.8,9141.3,9140.3,9140.3,7,9147.869309405893,9139.525000000005,9131.180690594118,False,False,False,0.0,0.0,,,0
317,2014-10-30 22:07:00,9139.8,9140.5,9139.8,9140.0,7,9147.596752527734,9139.900000000005,9132.203247472276,False,False,False,0.0,0.0,,,0
318,2014-10-30 22:08:00,9140.8,9141.3,9139.3,9139.5,11,9147.216482617358,9140.235000000004,9133.25351738265,False,False,False,0.0,0.0,,,0
319,2014-10-30 22:09:00,9139.8,9139.8,9138.5,9139.5,9,9147.083691560265,9140.435000000005,9133.786308439745,False,False,False,0.0,0.0,,,0
320,2014-10-30 22:10:00,9139.3,9140.3,9139.3,9140.0,10,9146.918562093128,9140.660000000005,9134.401437906883,False,False,False,0.0,0.0,,,0
321,2014-10-30 22:11:00,9140.3,9140.5,9140.0,9140.3,6,9146.762911310634,9140.875000000004,9134.987088689373,False,False,False,0.0,0.0,,,0
322,2014-10-30 22:12:00,9140.0,9141.0,9140.0,9141.0,7,9146.79973171337,9140.975000000004,9135.150268286638,False,False,False,0.0,0.0,,,0
323,2014-10-30 22:13:00,9141.3,9141.5,9140.5,9141.5,8,9146.733534084866,9141.200000000004,9135.666465915143,False,False,False,0.0,0.0,,,0
324,2014-10-30 22:14:00,9141.8,9143.3,9141.8,9143.0,17,9146.665768373809,9141.525000000005,9136.384231626202,False,False,False,0.0,0.0,,,0
325,2014-10-30 22:15:00,9142.5,9142.8,9141.3,9142.0,14,9146.44730623288,9141.785000000005,9137.12269376713,False,False,False,0.0,0.0,,,0
326,2014-10-30 22:16:00,9141.0,9141.0,9141.0,9141.0,1,9146.282999476953,9141.935000000005,9137.587000523057,False,False,False,0.0,0.0,,,0
327,2014-10-30 22:17:00,9141.3,9141.5,9141.0,9141.5,4,9146.126048767772,9141.835000000005,9137.543951232237,False,False,False,0.0,0.0,,,0
328,2014-10-30 22:18:00,9141.8,9141.8,9141.8,9141.8,1,9145.15375670142,9141.575000000004,9137.996243298589,False,False,False,0.0,0.0,,,0
329,2014-10-30 22:19:00,9141.0,9141.5,9141.0,9141.3,4,9144.77872918793,9141.425000000005,9138.07127081208,False,False,False,0.0,0.0,,,0
330,2014-10-30 22:20:00,9141.5,9141.5,9141.5,9141.5,1,9144.440063610486,9141.300000000005,9138.159936389524,False,False,False,0.0,0.0,,,0
331,2014-10-30 22:21:00,9141.3,9141.8,9140.8,9141.0,7,9143.332542332953,9141.050000000005,9138.767457667056,False,False,False,0.0,0.0,,,0
332,2014-10-30 22:22:00,9141.3,9141.3,9140.8,9140.8,3,9142.6034384845,9140.875000000004,9139.146561515507,False,False,False,0.0,0.0,,,0
333,2014-10-30 22:23:00,9141.3,9141.3,9141.0,9141.0,2,9142.6034384845,9140.875000000004,9139.146561515507,False,False,False,0.0,0.0,,,0
334,2014-10-30 22:24:00,9141.3,9141.3,9141.0,9141.0,2,9142.60651700832,9140.925000000005,9139.24348299169,False,False,False,0.0,0.0,,,0
335,2014-10-30 22:25:00,9141.3,9141.3,9140.5,9140.5,3,9142.60651700832,9140.925000000005,9139.24348299169,False,False,False,0.0,0.0,,,0
336,2014-10-30 22:26:00,9140.3,9140.3,9140.3,9140.3,1,9142.60651700832,9140.925000000005,9139.24348299169,False,False,False,0.0,0.0,,,0
337,2014-10-30 22:28:00,9140.8,9140.8,9140.8,9140.8,1,9142.593833796589,9140.965000000004,9139.336166203419,False,False,False,0.0,0.0,,,0
338,2014-10-30 22:29:00,9140.3,9140.3,9140.3,9140.3,1,9142.52351887063,9141.005000000003,9139.486481129376,False,False,False,0.0,0.0,,,0
339,2014-10-30 22:30:00,9142.5,9142.5,9141.0,9141.0,12,9142.432922582137,9141.080000000004,9139.72707741787,True,True,False,0.0,0.0,,,0
340,2014-10-30 22:31:00,9140.5,9141.0,9139.8,9139.8,10,9142.45722726874,9141.070000000003,9139.682772731267,False,False,False,0.0,0.0,prepare trade,,20
341,2014-10-30 22:32:00,9140.5,9141.0,9140.5,9140.8,12,9142.443295043815,9141.095000000003,9139.746704956191,False,False,False,9141.78088029162,9139.21911970838,start trade,down,0
342,2014-10-30 22:33:00,9140.5,9140.8,9140.5,9140.8,10,9142.438920065608,9141.085000000003,9139.731079934398,False,False,False,0.0,0.0,,,0
343,2014-10-30 22:34:00,9141.0,9141.0,9140.8,9140.8,2,9142.39536225053,9141.050000000001,9139.704637749472,False,False,False,0.0,0.0,,,0
344,2014-10-30 22:35:00,9141.0,9141.0,9141.0,9141.0,1,9141.954987379442,9140.95,9139.94501262056,False,False,False,0.0,0.0,,,0
345,2014-10-30 22:36:00,9140.8,9141.0,9140.8,9140.8,3,9141.772949379632,9140.890000000001,9140.00705062037,False,False,False,0.0,0.0,,,0
346,2014-10-30 22:37:00,9141.5,9141.8,9141.3,9141.8,4,9141.897677476361,9140.93,9139.96232252364,False,False,False,0.0,0.0,,,0
347,2014-10-30 22:38:00,9142.3,9142.5,9142.3,9142.5,2,9142.143786785064,9140.98,9139.816213214935,True,True,False,0.0,0.0,,,0
348,2014-10-30 22:39:00,9142.8,9142.8,9142.8,9142.8,1,9142.398356542779,9141.03,9139.661643457222,True,True,False,0.0,0.0,,,0
349,2014-10-30 22:40:00,9143.0,9144.3,9143.0,9143.8,9,9142.979801251942,9141.155,9139.330198748059,True,True,False,0.0,0.0,,,0
350,2014-10-30 22:41:00,9144.0,9145.0,9144.0,9145.0,7,9143.807982977109,9141.33,9138.852017022891,True,True,False,0.0,0.0,,,0
351,2014-10-30 22:42:00,9145.3,9147.3,9145.3,9147.0,16,9145.121188845265,9141.630000000001,9138.138811154737,True,True,False,0.0,0.0,,,0
352,2014-10-30 22:43:00,9147.3,9147.3,9146.8,9147.0,3,9146.115356223278,9141.94,9137.764643776723,True,True,False,0.0,0.0,,,0
353,2014-10-30 22:44:00,9147.3,9148.0,9146.8,9147.3,11,9147.009566181303,9142.255000000001,9137.5004338187,True,True,False,0.0,0.0,,,0
354,2014-10-30 22:45:00,9147.5,9147.8,9147.0,9147.3,4,9147.764651058225,9142.57,9137.375348941774,True,True,False,0.0,0.0,,,0
355,2014-10-30 22:46:00,9146.8,9148.8,9146.8,9148.5,13,9148.672666015967,9142.97,9137.267333984031,True,True,False,0.0,0.0,,,0
356,2014-10-30 22:47:00,9148.3,9149.3,9148.3,9148.8,9,9149.491712199413,9143.395,9137.298287800588,False,False,False,0.0,0.0,prepare trade,,21
357,2014-10-30 22:48:00,9149.3,9149.3,9148.0,9148.0,5,9150.043553058535,9143.755000000001,9137.466446941467,False,False,False,9155.274125405605,9143.325874594393,start trade,down,0
358,2014-10-30 22:49:00,9147.8,9147.8,9145.8,9146.8,5,9150.292117165873,9144.08,9137.867882834127,False,False,False,0.0,0.0,,,0
359,2014-10-30 22:50:00,9147.0,9147.3,9145.8,9146.8,18,9150.52112995587,9144.369999999999,9138.218870044127,False,False,False,0.0,0.0,,,0
360,2014-10-30 22:51:00,9147.8,9148.0,9147.0,9147.0,8,9150.605746735333,9144.73,9138.854253264666,False,False,False,0.0,0.0,,,0
361,2014-10-30 22:52:00,9147.3,9147.5,9147.0,9147.0,4,9150.704062105377,9145.04,9139.375937894625,False,False,False,0.0,0.0,,,0
362,2014-10-30 22:53:00,9146.8,9147.5,9146.8,9147.5,3,9150.783095739313,9145.375000000002,9139.966904260691,False,False,False,0.0,0.0,,,0
363,2014-10-30 22:54:00,9147.3,9147.3,9145.5,9145.8,8,9150.60972662735,9145.625000000002,9140.640273372654,False,False,False,0.0,0.0,,,0
364,2014-10-30 22:55:00,9146.0,9146.0,9142.8,9144.0,25,9150.358393892699,9145.775000000001,9141.191606107304,False,False,False,0.0,0.0,,,0
365,2014-10-30 22:56:00,9143.5,9145.3,9143.3,9145.0,6,9149.985137438502,9145.985000000002,9141.984862561503,False,False,False,0.0,0.0,,,0
366,2014-10-30 22:57:00,9145.3,9145.8,9143.8,9145.8,16,9149.698559387341,9146.185000000001,9142.671440612661,False,False,False,0.0,0.0,,,0
367,2014-10-30 22:58:00,9146.8,9147.8,9146.0,9147.5,23,9149.553509189278,9146.435000000001,9143.316490810725,False,False,False,0.0,0.0,,,0
368,2014-10-30 22:59:00,9147.0,9147.8,9146.3,9147.8,15,9149.369231655926,9146.685000000001,9144.000768344076,False,False,False,0.0,0.0,,,0
